Keyword,keywords
2014-09-20 04:21:47 +0000
id,name,genre_id,category_id,created_at,updated_at
1,中国,3,1,2013-10-30 23:52:43 UTC,2013-10-30 23:52:43 UTC
2,天安門,3,1,2013-11-03 02:02:15 UTC,2013-11-03 02:02:15 UTC
3,日中,3,1,2013-11-03 02:02:15 UTC,2013-11-03 02:02:15 UTC
4,北京,3,1,2013-11-03 02:02:15 UTC,2013-11-03 02:02:15 UTC
5,上海,3,1,2013-11-03 02:02:15 UTC,2013-11-03 02:02:15 UTC
6,ウイグル,3,1,2013-11-03 02:02:15 UTC,2013-11-03 02:02:15 UTC
7,欧州,3,2,2013-11-03 02:04:00 UTC,2013-11-03 02:04:00 UTC
8,ヨーロッパ,3,2,2013-11-03 02:04:00 UTC,2013-11-03 02:04:00 UTC
9,ドイツ,3,2,2013-11-03 02:04:00 UTC,2013-11-03 02:04:00 UTC
10,フランス,3,2,2013-11-03 02:04:00 UTC,2013-11-03 02:04:00 UTC
11,イギリス,3,2,2013-11-03 02:04:00 UTC,2013-11-03 02:04:00 UTC
12,イタリア,3,2,2013-11-03 02:04:00 UTC,2013-11-03 02:04:00 UTC
13,ポーランド,3,2,2013-11-03 02:04:00 UTC,2013-11-03 02:04:00 UTC
14,ロシア,3,2,2013-11-07 06:14:16 UTC,2013-11-07 06:14:16 UTC
15,ハンガリー,3,2,2013-11-07 06:14:16 UTC,2013-11-07 06:14:16 UTC
16,ナチス,3,2,2013-11-07 06:14:16 UTC,2013-11-07 06:14:16 UTC
17,米大統領,3,3,2013-11-08 09:47:44 UTC,2013-11-08 09:47:44 UTC
18,FDA,3,3,2013-11-08 09:47:44 UTC,2013-11-08 09:47:44 UTC
19,オバマ,3,3,2013-11-08 09:47:44 UTC,2013-11-08 09:47:44 UTC
20,米国務長官,3,3,2013-11-08 09:48:43 UTC,2013-11-08 09:48:43 UTC
21,英国,3,2,2013-11-08 19:44:06 UTC,2013-11-08 19:44:06 UTC
22,ギリシャ,3,2,2013-11-08 19:44:06 UTC,2013-11-08 19:44:06 UTC
23,英情報,3,2,2013-11-08 19:44:06 UTC,2013-11-08 19:44:06 UTC
24,国務長官,3,3,2013-11-09 14:28:13 UTC,2013-11-09 14:28:13 UTC
25,シンガポール,3,4,2013-11-09 14:32:55 UTC,2013-11-09 14:32:55 UTC
26,マレーシア,3,4,2013-11-09 14:32:55 UTC,2013-11-09 14:32:55 UTC
27,タイ,3,4,2013-11-09 14:32:55 UTC,2013-11-09 14:32:55 UTC
28,カンボジア,3,4,2013-11-09 14:32:55 UTC,2013-11-09 14:32:55 UTC
29,フィリピン,3,4,2013-11-09 14:32:55 UTC,2013-11-09 14:32:55 UTC
30,韓国,3,5,2013-11-09 14:35:51 UTC,2013-11-09 14:35:51 UTC
31,北朝鮮,3,5,2013-11-09 14:35:51 UTC,2013-11-09 14:35:51 UTC
32,朝鮮,3,5,2013-11-09 14:35:51 UTC,2013-11-09 14:35:51 UTC
33,慰安婦,3,5,2013-11-09 14:35:51 UTC,2013-11-09 14:35:51 UTC
34,ソウル,3,5,2013-11-09 14:35:51 UTC,2013-11-09 14:35:51 UTC
35,金正恩,3,5,2013-11-09 14:35:51 UTC,2013-11-09 14:35:51 UTC
36,朴槿恵,3,5,2013-11-09 14:35:51 UTC,2013-11-09 14:35:51 UTC
37,中東,3,6,2013-11-09 14:37:34 UTC,2013-11-09 14:37:34 UTC
38,イラン,3,6,2013-11-09 14:37:34 UTC,2013-11-09 14:37:34 UTC
39,イスラエル,3,6,2013-11-09 14:37:34 UTC,2013-11-09 14:37:34 UTC
40,イラク,3,6,2013-11-09 14:37:34 UTC,2013-11-09 14:37:34 UTC
41,シリア,3,6,2013-11-09 14:37:34 UTC,2013-11-09 14:37:34 UTC
42,湾岸,3,6,2013-11-09 14:37:34 UTC,2013-11-09 14:37:34 UTC
43,アラファト,3,6,2013-11-09 14:37:34 UTC,2013-11-09 14:37:34 UTC
44,ガーディアン,3,2,2013-11-09 14:39:56 UTC,2013-11-09 14:39:56 UTC
45,スイス,3,2,2013-11-09 14:39:56 UTC,2013-11-09 14:39:56 UTC
46,マドリード,3,2,2013-11-09 14:39:56 UTC,2013-11-09 14:39:56 UTC
47,ボルドー,3,2,2013-11-09 14:39:56 UTC,2013-11-09 14:39:56 UTC
48,英議会,3,2,2013-11-09 14:39:56 UTC,2013-11-09 14:39:56 UTC
49,パレスチナ,3,6,2013-11-09 21:11:16 UTC,2013-11-09 21:11:16 UTC
50,ドバイ,3,6,2013-11-09 21:11:16 UTC,2013-11-09 21:11:16 UTC
51,対韓,3,5,2013-11-09 22:04:44 UTC,2013-11-09 22:04:44 UTC
52,朴大統領,3,5,2013-11-09 22:04:44 UTC,2013-11-09 22:04:44 UTC
53,山西省,3,1,2013-11-09 22:05:36 UTC,2013-11-09 22:05:36 UTC
54,３中総会,3,1,2013-11-09 22:05:36 UTC,2013-11-09 22:05:36 UTC
55,インド,3,7,2013-11-09 23:45:56 UTC,2013-11-09 23:45:56 UTC
56,パキスタン,3,7,2013-11-09 23:45:57 UTC,2013-11-09 23:45:57 UTC
57,バングラデシュ,3,7,2013-11-09 23:45:57 UTC,2013-11-09 23:45:57 UTC
58,ジャワ,3,4,2013-11-09 23:53:20 UTC,2013-11-09 23:53:20 UTC
59,スマトラ,3,4,2013-11-09 23:53:20 UTC,2013-11-09 23:53:20 UTC
60,マニラ,3,4,2013-11-11 03:51:56 UTC,2013-11-11 03:51:56 UTC
61,アキノ,3,4,2013-11-11 03:51:56 UTC,2013-11-11 03:51:56 UTC
62,クェート,3,6,2013-11-12 00:32:17 UTC,2013-11-12 00:32:17 UTC
63,オマーン,3,6,2013-11-12 00:32:17 UTC,2013-11-12 00:32:17 UTC
64,サウジ,3,6,2013-11-12 00:32:17 UTC,2013-11-12 00:32:17 UTC
65,クウェート,3,6,2013-11-12 00:33:22 UTC,2013-11-12 00:33:22 UTC
66,スリランカ,3,7,2013-11-12 00:34:52 UTC,2013-11-12 00:34:52 UTC
67,ＮＹ,3,3,2013-11-12 00:36:29 UTC,2013-11-12 00:36:29 UTC
68,テキサス,3,3,2013-11-12 00:36:29 UTC,2013-11-12 00:36:29 UTC
69,オハイオ,3,3,2013-11-12 00:36:29 UTC,2013-11-12 00:36:29 UTC
70,南ア,3,10,2013-11-12 19:36:45 UTC,2013-11-12 19:36:45 UTC
71,リベリア,3,10,2013-11-12 19:36:45 UTC,2013-11-12 19:36:45 UTC
72,リビア,3,10,2013-11-12 19:36:45 UTC,2013-11-12 19:36:45 UTC
73,エジプト,3,10,2013-11-12 19:36:45 UTC,2013-11-12 19:36:45 UTC
74,サンクトペテルブルク,3,2,2013-11-12 19:38:37 UTC,2013-11-12 19:38:37 UTC
75,モスクワ,3,2,2013-11-12 19:38:37 UTC,2013-11-12 19:38:37 UTC
76,トリノ,3,2,2013-11-12 19:38:37 UTC,2013-11-12 19:38:37 UTC
77,レイテ,3,4,2013-11-12 19:39:45 UTC,2013-11-12 19:39:45 UTC
78,タクロバン,3,4,2013-11-12 19:39:45 UTC,2013-11-12 19:39:45 UTC
79,比政府,3,4,2013-11-12 19:39:45 UTC,2013-11-12 19:39:45 UTC
80,ケネディ,3,3,2013-11-13 19:43:49 UTC,2013-11-13 19:43:49 UTC
81,モトローラ,3,3,2013-11-13 19:43:49 UTC,2013-11-13 19:43:49 UTC
82,全米,3,3,2013-11-13 19:43:49 UTC,2013-11-13 19:43:49 UTC
83,グーグル,3,3,2013-11-13 19:43:49 UTC,2013-11-13 19:43:49 UTC
84,ハワイ,3,3,2013-11-13 19:43:49 UTC,2013-11-13 19:43:49 UTC
85,ワシントン,3,3,2013-11-13 19:43:49 UTC,2013-11-13 19:43:49 UTC
86,米国,3,3,2013-11-13 19:45:02 UTC,2013-11-13 19:45:02 UTC
87,ロンドン,3,2,2013-11-13 19:46:04 UTC,2013-11-13 19:46:04 UTC
88,ベルリン,3,2,2013-11-13 19:46:04 UTC,2013-11-13 19:46:04 UTC
89,オランド,3,2,2013-11-13 19:46:04 UTC,2013-11-13 19:46:04 UTC
90,ニューヨーク,3,3,2013-11-15 01:16:06 UTC,2013-11-15 01:16:06 UTC
91,サンフランシスコ,3,3,2013-11-15 01:16:06 UTC,2013-11-15 01:16:06 UTC
92,ＮＡＳＡ,3,3,2013-11-15 01:16:06 UTC,2013-11-15 01:16:06 UTC
93,ロッキード,3,3,2013-11-15 01:16:06 UTC,2013-11-15 01:16:06 UTC
94,米海軍,3,3,2013-11-15 01:16:06 UTC,2013-11-15 01:16:06 UTC
95,チャールズ皇太子,3,2,2013-11-15 01:17:36 UTC,2013-11-15 01:17:36 UTC
96,スコットランド,3,2,2013-11-15 01:17:36 UTC,2013-11-15 01:17:36 UTC
97,ウクライナ,3,2,2013-11-15 01:17:37 UTC,2013-11-15 01:17:37 UTC
98,スウェーデン,3,2,2013-11-15 01:17:37 UTC,2013-11-15 01:17:37 UTC
99,ナイジェリア,3,10,2013-11-15 01:30:00 UTC,2013-11-15 01:30:00 UTC
100,比..,3,4,2013-11-15 13:04:19 UTC,2013-11-15 13:04:19 UTC
101,英..,3,2,2013-11-15 13:05:56 UTC,2013-11-15 13:05:56 UTC
102,仏..,3,2,2013-11-15 13:06:58 UTC,2013-11-15 13:06:58 UTC
103,米..,3,3,2013-11-15 13:08:32 UTC,2013-11-15 13:08:32 UTC
104,アイルランド,3,2,2013-11-15 23:26:57 UTC,2013-11-15 23:26:57 UTC
105,ベラルーシ,3,2,2013-11-15 23:26:57 UTC,2013-11-15 23:26:57 UTC
106,台湾,3,1,2013-11-15 23:27:25 UTC,2013-11-15 23:27:25 UTC
107,香港,3,1,2013-11-15 23:27:25 UTC,2013-11-15 23:27:25 UTC
108,ベトナム,3,4,2013-11-15 23:27:47 UTC,2013-11-15 23:27:47 UTC
109,パラグアイ,3,11,2013-11-15 23:29:17 UTC,2013-11-15 23:29:17 UTC
110,ブラジル,3,11,2013-11-15 23:29:17 UTC,2013-11-15 23:29:17 UTC
111,アルゼンチン,3,11,2013-11-15 23:29:17 UTC,2013-11-15 23:29:17 UTC
112,メキシコ,3,11,2013-11-15 23:29:17 UTC,2013-11-15 23:29:17 UTC
113,シベリア,3,2,2013-11-15 23:30:39 UTC,2013-11-15 23:30:39 UTC
114,カリフォルニア,3,3,2013-11-17 00:01:17 UTC,2013-11-17 00:01:17 UTC
115,ＥＵ,3,2,2013-11-17 00:01:41 UTC,2013-11-17 00:01:41 UTC
116,バリ,3,4,2013-11-18 00:07:46 UTC,2013-11-18 00:07:46 UTC
117,　米,3,3,2013-11-18 00:08:15 UTC,2013-11-18 00:08:15 UTC
118,ケニア,3,10,2013-11-18 00:08:32 UTC,2013-11-18 00:08:32 UTC
119,モルディブ,3,7,2013-11-18 00:08:57 UTC,2013-11-18 00:08:57 UTC
120,カタルーニャ,3,2,2013-11-18 00:09:31 UTC,2013-11-18 00:09:31 UTC
121,ガザ,3,6,2013-11-18 00:09:50 UTC,2013-11-18 00:09:50 UTC
122,パリ,3,2,2013-11-18 00:40:39 UTC,2013-11-18 00:40:39 UTC
123,タンザニア,3,10,2013-11-18 19:27:16 UTC,2013-11-18 19:27:16 UTC
124,カイロ,3,10,2013-11-18 19:27:16 UTC,2013-11-18 19:27:16 UTC
125,グルジア,3,2,2013-11-18 19:27:47 UTC,2013-11-18 19:27:47 UTC
126,シチリア,3,2,2013-11-18 19:27:47 UTC,2013-11-18 19:27:47 UTC
127,チェコ,3,2,2013-11-18 19:27:47 UTC,2013-11-18 19:27:47 UTC
128,チリ,3,11,2013-11-18 19:28:15 UTC,2013-11-18 19:28:15 UTC
129,アルジェリア,3,10,2013-11-18 19:28:57 UTC,2013-11-18 19:28:57 UTC
130,アフガン,3,6,2013-11-18 19:29:15 UTC,2013-11-18 19:29:15 UTC
131,新疆,3,1,2013-11-18 19:32:15 UTC,2013-11-18 19:32:15 UTC
132,安重根,3,5,2013-11-20 00:05:04 UTC,2013-11-20 00:05:04 UTC
133,光州,3,5,2013-11-20 00:05:04 UTC,2013-11-20 00:05:04 UTC
134,露..,3,2,2013-11-20 00:05:50 UTC,2013-11-20 00:05:50 UTC
135,ムシャラフ,3,7,2013-11-20 00:06:34 UTC,2013-11-20 00:06:34 UTC
136,独..,3,2,2013-11-20 00:07:06 UTC,2013-11-20 00:07:06 UTC
137,スペイン,3,2,2013-11-20 23:15:56 UTC,2013-11-20 23:15:56 UTC
138,デンマーク,3,2,2013-11-20 23:15:56 UTC,2013-11-20 23:15:56 UTC
139,オックスフォード,3,2,2013-11-20 23:15:56 UTC,2013-11-20 23:15:56 UTC
140,ベルギー,3,2,2013-11-20 23:15:56 UTC,2013-11-20 23:15:56 UTC
141,サルデーニャ,3,2,2013-11-20 23:15:56 UTC,2013-11-20 23:15:56 UTC
142,ベネチア,3,2,2013-11-20 23:15:56 UTC,2013-11-20 23:15:56 UTC
143,リンカーン,3,3,2013-11-20 23:17:32 UTC,2013-11-20 23:17:32 UTC
144,バージニア,3,3,2013-11-20 23:17:32 UTC,2013-11-20 23:17:32 UTC
145,NY,3,3,2013-11-20 23:17:32 UTC,2013-11-20 23:17:32 UTC
146,アフリカ,3,10,2013-11-20 23:18:25 UTC,2013-11-20 23:18:25 UTC
147,ソマリア,3,10,2013-11-20 23:18:25 UTC,2013-11-20 23:18:25 UTC
148,COP,3,12,2013-11-20 23:21:15 UTC,2013-11-20 23:21:15 UTC
149,国連..,3,12,2013-11-20 23:21:15 UTC,2013-11-20 23:21:15 UTC
150,途上国,3,12,2013-11-20 23:21:15 UTC,2013-11-20 23:21:15 UTC
151,IEA,3,12,2013-11-20 23:21:15 UTC,2013-11-20 23:21:15 UTC
152,IAEA,3,12,2013-11-20 23:21:15 UTC,2013-11-20 23:21:15 UTC
153,オランダ,3,2,2013-11-22 00:22:58 UTC,2013-11-22 00:22:58 UTC
154,マララ,3,6,2013-11-22 00:23:19 UTC,2013-11-22 00:23:19 UTC
155,ＣＯＰ１９,3,12,2013-11-22 00:24:15 UTC,2013-11-22 00:24:15 UTC
156,ＦＯＭＣ,3,3,2013-11-22 00:24:25 UTC,2013-11-22 00:24:25 UTC
157,病院,1,8,2013-11-22 01:29:53 UTC,2013-11-22 01:29:53 UTC
158,介護,1,8,2013-11-22 01:29:53 UTC,2013-11-22 01:29:53 UTC
159,徳洲会,1,13,2013-11-22 01:31:40 UTC,2013-11-22 01:31:40 UTC
160,強制調査,1,13,2013-11-22 01:31:40 UTC,2013-11-22 01:31:40 UTC
161,警察,1,13,2013-11-22 01:32:14 UTC,2013-11-22 01:32:14 UTC
162,福島,1,9,2013-11-22 01:32:47 UTC,2013-11-22 01:32:47 UTC
163,水俣病,1,13,2013-11-22 01:33:46 UTC,2013-11-22 01:33:46 UTC
164,県警,1,13,2013-11-22 01:34:08 UTC,2013-11-22 01:34:08 UTC
165,射殺,1,13,2013-11-22 01:34:08 UTC,2013-11-22 01:34:08 UTC
166,人身事故,1,13,2013-11-22 01:34:49 UTC,2013-11-22 01:34:49 UTC
167,賠償請求,1,14,2013-11-22 01:37:54 UTC,2013-11-22 01:37:54 UTC
168,地裁,1,14,2013-11-22 01:37:54 UTC,2013-11-22 01:37:54 UTC
169,秘密保護法,1,14,2013-11-22 01:37:54 UTC,2013-11-22 01:37:54 UTC
170,裁判員,1,14,2013-11-22 01:37:54 UTC,2013-11-22 01:37:54 UTC
171,裁判,1,14,2013-11-22 01:37:54 UTC,2013-11-22 01:37:54 UTC
172,原発,1,9,2013-11-22 01:39:38 UTC,2013-11-22 01:39:38 UTC
173,警視庁,1,13,2013-11-22 01:39:55 UTC,2013-11-22 01:39:55 UTC
174,ホンダ,2,15,2013-11-22 01:41:14 UTC,2013-11-22 01:41:14 UTC
175,トヨタ,2,15,2013-11-22 01:41:14 UTC,2013-11-22 01:41:14 UTC
176,自動車,2,15,2013-11-22 01:41:14 UTC,2013-11-22 01:41:14 UTC
177,日産,2,15,2013-11-22 01:41:14 UTC,2013-11-22 01:41:14 UTC
178,ユーロ,2,16,2013-11-22 01:42:39 UTC,2013-11-22 01:42:39 UTC
179,ＥＣＢ,2,16,2013-11-22 01:42:39 UTC,2013-11-22 01:42:39 UTC
180,ソニー,2,17,2013-11-22 01:43:36 UTC,2013-11-22 01:43:36 UTC
181,アップル,2,17,2013-11-22 01:43:36 UTC,2013-11-22 01:43:36 UTC
182,ソフトバンク,2,18,2013-11-22 01:44:53 UTC,2013-11-22 01:44:53 UTC
183,税率,2,19,2013-11-22 01:45:50 UTC,2013-11-22 01:45:50 UTC
184,税金,2,19,2013-11-22 01:45:50 UTC,2013-11-22 01:45:50 UTC
185,消費税,2,19,2013-11-22 01:45:50 UTC,2013-11-22 01:45:50 UTC
186,増税,2,19,2013-11-22 01:45:50 UTC,2013-11-22 01:45:50 UTC
187,キャノン,2,17,2013-11-22 01:46:24 UTC,2013-11-22 01:46:24 UTC
188,カシオ,2,17,2013-11-22 01:46:24 UTC,2013-11-22 01:46:24 UTC
189,秘密保護法案,4,20,2013-11-22 14:33:04 UTC,2013-11-22 14:33:04 UTC
190,秘密法案,4,20,2013-11-22 14:33:04 UTC,2013-11-22 14:33:04 UTC
191,法案,4,20,2013-11-22 14:33:04 UTC,2013-11-22 14:33:04 UTC
192,自民,4,21,2013-11-22 14:34:02 UTC,2013-11-22 14:34:02 UTC
193,民主,4,21,2013-11-22 14:34:02 UTC,2013-11-22 14:34:02 UTC
194,みんなの,4,21,2013-11-22 14:34:02 UTC,2013-11-22 14:34:02 UTC
195,原発,4,22,2013-11-22 14:36:00 UTC,2013-11-22 14:36:00 UTC
196,沖縄,4,23,2013-11-22 14:39:10 UTC,2013-11-22 14:39:10 UTC
197,名護,4,23,2013-11-22 14:39:10 UTC,2013-11-22 14:39:10 UTC
198,普天間,4,23,2013-11-22 14:39:10 UTC,2013-11-22 14:39:10 UTC
199,ラトビア,3,2,2013-11-22 22:45:50 UTC,2013-11-22 22:45:50 UTC
200,プーチン,3,2,2013-11-22 22:45:50 UTC,2013-11-22 22:45:50 UTC
201,..英,3,2,2013-11-22 22:45:50 UTC,2013-11-22 22:45:50 UTC
202,ミャンマー,3,4,2013-11-22 22:47:12 UTC,2013-11-22 22:47:12 UTC
203,ソチ,3,2,2013-11-22 22:47:31 UTC,2013-11-22 22:47:31 UTC
204,ＪＦＫ,3,3,2013-11-22 22:48:23 UTC,2013-11-22 22:48:23 UTC
205,コロンビア,3,11,2013-11-22 22:49:01 UTC,2013-11-22 22:49:01 UTC
206,国連,3,12,2013-11-22 22:50:15 UTC,2013-11-22 22:50:15 UTC
207,青島,3,1,2013-11-22 22:50:37 UTC,2013-11-22 22:50:37 UTC
208,マイクロソフト,3,3,2013-11-22 22:51:06 UTC,2013-11-22 22:51:06 UTC
209,ＪＲ.,1,24,2013-11-22 23:22:08 UTC,2013-11-22 23:22:08 UTC
210,懲役,1,14,2013-11-22 23:23:35 UTC,2013-11-22 23:23:35 UTC
211,労働者,1,25,2013-11-22 23:27:11 UTC,2013-11-22 23:27:11 UTC
212,過労死,1,25,2013-11-22 23:27:11 UTC,2013-11-22 23:27:11 UTC
213,春闘,1,25,2013-11-22 23:27:11 UTC,2013-11-22 23:27:11 UTC
214,東京,1,26,2013-11-22 23:28:18 UTC,2013-11-22 23:28:18 UTC
215,大阪,1,26,2013-11-22 23:28:18 UTC,2013-11-22 23:28:18 UTC
216,国交相,1,27,2013-11-22 23:29:10 UTC,2013-11-22 23:29:10 UTC
217,知事,1,27,2013-11-22 23:29:52 UTC,2013-11-22 23:29:52 UTC
218,JR..,1,24,2013-11-22 23:31:27 UTC,2013-11-22 23:31:27 UTC
219,JR.,1,24,2013-11-22 23:31:48 UTC,2013-11-22 23:31:48 UTC
220,景気,2,28,2013-11-23 00:40:53 UTC,2013-11-23 00:40:53 UTC
221,マイクロソフト,2,29,2013-11-23 00:41:58 UTC,2013-11-23 00:41:58 UTC
222,バイオジェン,2,29,2013-11-23 00:42:29 UTC,2013-11-23 00:42:29 UTC
223,法人税,2,19,2013-11-23 00:43:08 UTC,2013-11-23 00:43:08 UTC
224,米国債,2,30,2013-11-23 00:46:01 UTC,2013-11-23 00:46:01 UTC
225,ＮＹダウ,2,30,2013-11-23 00:46:01 UTC,2013-11-23 00:46:01 UTC
226,株価,2,30,2013-11-23 00:46:01 UTC,2013-11-23 00:46:01 UTC
227,銀行,2,30,2013-11-23 00:46:01 UTC,2013-11-23 00:46:01 UTC
228,株式,2,30,2013-11-23 00:46:01 UTC,2013-11-23 00:46:01 UTC
229,オリコ,2,29,2013-11-23 00:46:53 UTC,2013-11-23 00:46:53 UTC
230,ロート,2,29,2013-11-23 00:46:53 UTC,2013-11-23 00:46:53 UTC
231,三菱商事,2,29,2013-11-23 00:47:23 UTC,2013-11-23 00:47:23 UTC
232,ボーイング,2,29,2013-11-23 00:47:38 UTC,2013-11-23 00:47:38 UTC
233,課税,2,19,2013-11-23 00:48:00 UTC,2013-11-23 00:48:00 UTC
234,ドコモ,2,18,2013-11-23 00:48:40 UTC,2013-11-23 00:48:40 UTC
235,ベルルスコーニ,3,2,2013-11-27 00:38:53 UTC,2013-11-27 00:38:53 UTC
236,法王,3,2,2013-11-27 00:38:53 UTC,2013-11-27 00:38:53 UTC
237,チモシェンコ,3,2,2013-11-27 00:38:53 UTC,2013-11-27 00:38:53 UTC
238,WTO,3,12,2013-11-27 00:39:20 UTC,2013-11-27 00:39:20 UTC
239,ネパール,3,7,2013-11-27 00:39:56 UTC,2013-11-27 00:39:56 UTC
240,バングラ,3,7,2013-11-27 00:39:56 UTC,2013-11-27 00:39:56 UTC
241,ホンジュラス,3,11,2013-11-27 00:40:18 UTC,2013-11-27 00:40:18 UTC
242,ＷＴＯ,3,12,2013-11-27 00:40:59 UTC,2013-11-27 00:40:59 UTC
243,ＵＡＥ,3,6,2013-11-27 21:37:40 UTC,2013-11-27 21:37:40 UTC
244,仏,3,2,2013-11-27 21:39:35 UTC,2013-11-27 21:39:35 UTC
245,ピカソ,3,2,2013-11-27 21:39:35 UTC,2013-11-27 21:39:35 UTC
246,キリバス,3,4,2013-11-27 21:41:02 UTC,2013-11-27 21:41:02 UTC
247,、米,3,3,2013-11-27 21:42:21 UTC,2013-11-27 21:42:21 UTC
248,詐欺,1,13,2013-11-27 22:19:58 UTC,2013-11-27 22:19:58 UTC
249,核燃料,1,9,2013-11-27 22:20:27 UTC,2013-11-27 22:20:27 UTC
250,脱税,1,13,2013-11-27 22:20:47 UTC,2013-11-27 22:20:47 UTC
251,中国,1,31,2013-11-27 22:22:21 UTC,2013-11-27 22:22:21 UTC
252,尖閣,1,31,2013-11-27 22:22:21 UTC,2013-11-27 22:22:21 UTC
253,診療報酬,1,8,2013-11-27 22:23:21 UTC,2013-11-27 22:23:21 UTC
254,北海道,1,26,2013-11-27 22:24:08 UTC,2013-11-27 22:24:08 UTC
255,原子力,1,9,2013-11-27 22:25:07 UTC,2013-11-27 22:25:07 UTC
256,都営交通,1,32,2013-11-27 22:27:43 UTC,2013-11-27 22:27:43 UTC
257,丸ノ内線,1,32,2013-11-27 22:27:43 UTC,2013-11-27 22:27:43 UTC
258,成田空港,1,32,2013-11-27 22:27:43 UTC,2013-11-27 22:27:43 UTC
259,飛行,1,32,2013-11-27 22:27:43 UTC,2013-11-27 22:27:43 UTC
260,赤の広場,3,2,2013-11-28 22:59:30 UTC,2013-11-28 22:59:30 UTC
261,カナダ,3,3,2013-11-30 00:41:49 UTC,2013-11-30 00:41:49 UTC
262,ペルー,3,11,2013-11-30 00:43:01 UTC,2013-11-30 00:43:01 UTC
263,モザンビーク,3,10,2013-12-01 00:24:14 UTC,2013-12-01 00:24:14 UTC
264,ホワイトハウス,3,3,2013-12-03 00:47:57 UTC,2013-12-03 00:47:57 UTC
265,バンコク,3,4,2013-12-03 00:48:33 UTC,2013-12-03 00:48:33 UTC
266,ベネズエラ,3,11,2013-12-03 00:49:10 UTC,2013-12-03 00:49:10 UTC
267,クロアチア,3,2,2013-12-03 00:49:45 UTC,2013-12-03 00:49:45 UTC
268,リバプール,3,2,2013-12-03 00:49:45 UTC,2013-12-03 00:49:45 UTC
269,ボリショイ,3,2,2013-12-03 23:41:59 UTC,2013-12-03 23:41:59 UTC
270,アイスランド,3,2,2013-12-03 23:41:59 UTC,2013-12-03 23:41:59 UTC
271,ジンバブエ,3,10,2013-12-03 23:42:46 UTC,2013-12-03 23:42:46 UTC
272,レバノン,3,6,2013-12-03 23:43:26 UTC,2013-12-03 23:43:26 UTC
273,トルコ,3,6,2013-12-03 23:43:26 UTC,2013-12-03 23:43:26 UTC
274,シドニー,3,33,2013-12-03 23:45:31 UTC,2013-12-03 23:45:31 UTC
275,豪..,3,33,2013-12-03 23:45:31 UTC,2013-12-03 23:45:31 UTC
276,オーストラリア,3,33,2013-12-03 23:45:31 UTC,2013-12-03 23:45:31 UTC
277,ニュージーランド,3,33,2013-12-03 23:45:31 UTC,2013-12-03 23:45:31 UTC
278,ＯＰＥＣ,3,12,2013-12-04 22:53:17 UTC,2013-12-04 22:53:17 UTC
279,ユネスコ,3,12,2013-12-04 22:53:17 UTC,2013-12-04 22:53:17 UTC
280,訪朝,3,5,2013-12-04 22:53:50 UTC,2013-12-04 22:53:50 UTC
281,スペースＸ,3,3,2013-12-04 22:54:47 UTC,2013-12-04 22:54:47 UTC
282,グランドキャニオン,3,3,2013-12-04 22:54:47 UTC,2013-12-04 22:54:47 UTC
283,ＮＯＲＡＤ,3,3,2013-12-04 22:54:47 UTC,2013-12-04 22:54:47 UTC
284,コンゴ,3,10,2013-12-04 22:55:16 UTC,2013-12-04 22:55:16 UTC
285,キエフ,3,2,2013-12-04 22:55:42 UTC,2013-12-04 22:55:42 UTC
286,婚外子,1,14,2013-12-04 23:15:48 UTC,2013-12-04 23:15:48 UTC
287,１１０番,1,13,2013-12-04 23:15:57 UTC,2013-12-04 23:15:57 UTC
288,インフルエンザ,1,8,2013-12-04 23:16:16 UTC,2013-12-04 23:16:16 UTC
289,車両故障,1,13,2013-12-04 23:16:35 UTC,2013-12-04 23:16:35 UTC
290,殺人,1,13,2013-12-04 23:16:50 UTC,2013-12-04 23:16:50 UTC
291,ストーカー,1,13,2013-12-04 23:17:03 UTC,2013-12-04 23:17:03 UTC
292,婚外子,1,14,2013-12-04 23:17:28 UTC,2013-12-04 23:17:28 UTC
293,救助,1,13,2013-12-04 23:17:55 UTC,2013-12-04 23:17:55 UTC
294,規制委員,1,9,2013-12-04 23:18:31 UTC,2013-12-04 23:18:31 UTC
295,自殺,1,13,2013-12-04 23:18:45 UTC,2013-12-04 23:18:45 UTC
296,いじめ,1,13,2013-12-04 23:18:57 UTC,2013-12-04 23:18:57 UTC
297,横領,1,13,2013-12-04 23:19:12 UTC,2013-12-04 23:19:12 UTC
298,手術,1,8,2013-12-04 23:19:43 UTC,2013-12-04 23:19:43 UTC
299,大震災,1,34,2013-12-04 23:23:29 UTC,2013-12-04 23:23:29 UTC
300,イエメン,3,6,2013-12-05 23:32:17 UTC,2013-12-05 23:32:17 UTC
301,バイデン,3,3,2013-12-05 23:32:58 UTC,2013-12-05 23:32:58 UTC
302,ニューズウィーク,3,3,2013-12-05 23:32:58 UTC,2013-12-05 23:32:58 UTC
303,正恩,3,5,2013-12-05 23:33:28 UTC,2013-12-05 23:33:28 UTC
304,フロリダ,3,3,2013-12-05 23:33:53 UTC,2013-12-05 23:33:53 UTC
305,汚職,1,13,2013-12-06 00:43:20 UTC,2013-12-06 00:43:20 UTC
306,逮捕,1,13,2013-12-06 00:43:20 UTC,2013-12-06 00:43:20 UTC
307,薬事法,1,14,2013-12-06 00:44:59 UTC,2013-12-06 00:44:59 UTC
308,健康,1,8,2013-12-06 00:45:11 UTC,2013-12-06 00:45:11 UTC
309,看護師,1,8,2013-12-06 00:45:27 UTC,2013-12-06 00:45:27 UTC
310,強姦,1,13,2013-12-06 00:45:47 UTC,2013-12-06 00:45:47 UTC
311,診療所,1,8,2013-12-06 00:46:07 UTC,2013-12-06 00:46:07 UTC
312,アトランタ,2,35,2013-12-06 00:59:30 UTC,2013-12-06 00:59:30 UTC
313,フォード,2,35,2013-12-06 00:59:30 UTC,2013-12-06 00:59:30 UTC
314,米..,2,35,2013-12-06 00:59:30 UTC,2013-12-06 00:59:30 UTC
315,ヤマハ,2,29,2013-12-06 00:59:32 UTC,2013-12-06 00:59:32 UTC
316,伊藤忠,2,29,2013-12-06 00:59:32 UTC,2013-12-06 00:59:32 UTC
317,積水化学,2,29,2013-12-06 00:59:32 UTC,2013-12-06 00:59:32 UTC
318,富士重,2,29,2013-12-06 00:59:32 UTC,2013-12-06 00:59:32 UTC
319,東京海上,2,29,2013-12-06 00:59:32 UTC,2013-12-06 00:59:32 UTC
320,楽天,2,29,2013-12-06 00:59:32 UTC,2013-12-06 00:59:32 UTC
321,エレクトロン,2,29,2013-12-06 00:59:32 UTC,2013-12-06 00:59:32 UTC
322,富士通,2,29,2013-12-06 00:59:32 UTC,2013-12-06 00:59:32 UTC
323,三菱マテリアル,2,29,2013-12-06 00:59:32 UTC,2013-12-06 00:59:32 UTC
324,JR..,2,29,2013-12-06 00:59:32 UTC,2013-12-06 00:59:32 UTC
325,デンソー,2,29,2013-12-06 00:59:32 UTC,2013-12-06 00:59:32 UTC
326,ブリヂストン,2,29,2013-12-06 00:59:32 UTC,2013-12-06 00:59:32 UTC
327,任天堂,2,29,2013-12-06 00:59:32 UTC,2013-12-06 00:59:32 UTC
328,プジョー,2,16,2013-12-06 00:59:34 UTC,2013-12-06 00:59:34 UTC
329,独..,2,16,2013-12-06 00:59:34 UTC,2013-12-06 00:59:34 UTC
330,英国,2,16,2013-12-06 00:59:34 UTC,2013-12-06 00:59:34 UTC
331,輸入車,2,15,2013-12-06 00:59:36 UTC,2013-12-06 00:59:36 UTC
332,新車販売,2,15,2013-12-06 00:59:36 UTC,2013-12-06 00:59:36 UTC
333,GM,2,15,2013-12-06 00:59:36 UTC,2013-12-06 00:59:36 UTC
334,ＧＭ,2,15,2013-12-06 00:59:36 UTC,2013-12-06 00:59:36 UTC
335,控除,2,19,2013-12-06 00:59:38 UTC,2013-12-06 00:59:38 UTC
336,医療,1,8,2013-12-07 01:50:34 UTC,2013-12-07 01:50:34 UTC
337,新幹線 ,1,32,2013-12-07 01:52:44 UTC,2013-12-07 01:52:44 UTC
338,火災,1,13,2013-12-07 01:53:27 UTC,2013-12-07 01:53:27 UTC
339,死なす,1,13,2013-12-07 01:53:27 UTC,2013-12-07 01:53:27 UTC
340,マンデラ,3,10,2013-12-08 00:26:25 UTC,2013-12-08 00:26:25 UTC
341,日台,3,1,2013-12-08 00:26:50 UTC,2013-12-08 00:26:50 UTC
342,リオ,3,11,2013-12-08 00:27:52 UTC,2013-12-08 00:27:52 UTC
343,ボブ・ディラン,3,3,2013-12-08 00:28:12 UTC,2013-12-08 00:28:12 UTC
344,TPP,3,12,2013-12-08 00:28:37 UTC,2013-12-08 00:28:37 UTC
345,WWW,3,12,2013-12-08 00:29:05 UTC,2013-12-08 00:29:05 UTC
346,太平洋,3,33,2013-12-08 00:29:28 UTC,2013-12-08 00:29:28 UTC
347,中間貯蔵,1,9,2013-12-08 00:32:07 UTC,2013-12-08 00:32:07 UTC
348,全焼,1,13,2013-12-08 00:32:22 UTC,2013-12-08 00:32:22 UTC
349,土砂崩れ,1,34,2013-12-08 00:33:18 UTC,2013-12-08 00:33:18 UTC
350,事故,1,13,2013-12-08 00:33:49 UTC,2013-12-08 00:33:49 UTC
351,失踪者,1,13,2013-12-08 00:34:14 UTC,2013-12-08 00:34:14 UTC
352,殺害,1,13,2013-12-08 00:34:32 UTC,2013-12-08 00:34:32 UTC
353,刺殺,1,13,2013-12-08 00:34:51 UTC,2013-12-08 00:34:51 UTC
354,ロッキード,2,29,2013-12-08 00:45:41 UTC,2013-12-08 00:45:41 UTC
355,東急,2,29,2013-12-08 00:45:41 UTC,2013-12-08 00:45:41 UTC
356,東京メトロ,2,29,2013-12-08 00:45:41 UTC,2013-12-08 00:45:41 UTC
357,ボンバルディア,2,29,2013-12-08 00:45:41 UTC,2013-12-08 00:45:41 UTC
358,九州電力,2,29,2013-12-08 00:45:41 UTC,2013-12-08 00:45:41 UTC
359,スズキ,2,29,2013-12-08 00:45:41 UTC,2013-12-08 00:45:41 UTC
360,東電,2,29,2013-12-08 00:45:41 UTC,2013-12-08 00:45:41 UTC
361,アラスカ,2,35,2013-12-08 00:45:43 UTC,2013-12-08 00:45:43 UTC
362,ＷＴＯ,2,36,2013-12-08 00:45:46 UTC,2013-12-08 00:45:46 UTC
363,ＴＰＰ,2,36,2013-12-08 00:45:46 UTC,2013-12-08 00:45:46 UTC
364,ＴＰＰ,2,36,2013-12-08 00:45:46 UTC,2013-12-08 00:45:46 UTC
365,ベア,2,37,2013-12-08 00:45:48 UTC,2013-12-08 00:45:48 UTC
366,労災,2,37,2013-12-08 00:45:48 UTC,2013-12-08 00:45:48 UTC
367,フィンランド,3,2,2013-12-10 00:27:46 UTC,2013-12-10 00:27:46 UTC
368,張成沢,3,5,2013-12-10 00:28:09 UTC,2013-12-10 00:28:09 UTC
369,ジャカルタ,3,4,2013-12-10 00:28:27 UTC,2013-12-10 00:28:27 UTC
371,ノーベル,3,12,2013-12-10 22:43:07 UTC,2013-12-10 22:43:07 UTC
372,震災,1,34,2013-12-10 23:06:43 UTC,2013-12-10 23:06:43 UTC
373,生徒,1,38,2013-12-10 23:10:04 UTC,2013-12-10 23:10:04 UTC
374,教育,1,38,2013-12-10 23:10:04 UTC,2013-12-10 23:10:04 UTC
375,関西大,1,38,2013-12-10 23:10:04 UTC,2013-12-10 23:10:04 UTC
376,入試,1,38,2013-12-10 23:10:04 UTC,2013-12-10 23:10:04 UTC
377,議員,1,27,2013-12-10 23:10:06 UTC,2013-12-10 23:10:06 UTC
378,特定秘密,1,14,2013-12-10 23:10:09 UTC,2013-12-10 23:10:09 UTC
379,秘密法,1,14,2013-12-10 23:10:09 UTC,2013-12-10 23:10:09 UTC
380,業務妨害,1,13,2013-12-10 23:12:50 UTC,2013-12-10 23:12:50 UTC
381,町長,1,27,2013-12-10 23:12:51 UTC,2013-12-10 23:12:51 UTC
382,高速道路,1,32,2013-12-10 23:12:54 UTC,2013-12-10 23:12:54 UTC
383,東武伊勢崎線,1,32,2013-12-10 23:12:54 UTC,2013-12-10 23:12:54 UTC
384,個人情報,1,14,2013-12-10 23:12:57 UTC,2013-12-10 23:12:57 UTC
385,学力,1,38,2013-12-10 23:12:59 UTC,2013-12-10 23:12:59 UTC
386,労災,1,25,2013-12-10 23:57:29 UTC,2013-12-10 23:57:29 UTC
387,新規上場,2,30,2013-12-11 00:53:51 UTC,2013-12-11 00:53:51 UTC
388,未公開株,2,30,2013-12-11 00:53:51 UTC,2013-12-11 00:53:51 UTC
389,通貨供給,2,30,2013-12-11 00:53:51 UTC,2013-12-11 00:53:51 UTC
390,機械受注,2,28,2013-12-11 00:53:53 UTC,2013-12-11 00:53:53 UTC
391,ＪＲ北,2,29,2013-12-11 00:53:58 UTC,2013-12-11 00:53:58 UTC
392,イトーヨーカ堂,2,29,2013-12-11 00:53:58 UTC,2013-12-11 00:53:58 UTC
393,三井住友銀,2,29,2013-12-11 00:53:58 UTC,2013-12-11 00:53:58 UTC
394,東証,2,30,2013-12-11 00:54:21 UTC,2013-12-11 00:54:21 UTC
395,NATO,3,2,2013-12-11 22:17:51 UTC,2013-12-11 22:17:51 UTC
396,ウルグアイ,3,11,2013-12-11 22:17:53 UTC,2013-12-11 22:17:53 UTC
397,カリブ海,3,11,2013-12-11 22:17:53 UTC,2013-12-11 22:17:53 UTC
398,ＩＥＡ,3,12,2013-12-11 22:17:55 UTC,2013-12-11 22:17:55 UTC
399,感染,1,8,2013-12-11 22:35:21 UTC,2013-12-11 22:35:21 UTC
400,認知症,1,8,2013-12-11 22:35:21 UTC,2013-12-11 22:35:21 UTC
401,救急,1,8,2013-12-11 22:35:21 UTC,2013-12-11 22:35:21 UTC
402,最高裁,1,14,2013-12-11 22:35:23 UTC,2013-12-11 22:35:23 UTC
403,強制わいせつ,1,13,2013-12-11 22:35:25 UTC,2013-12-11 22:35:25 UTC
404,中央線,1,32,2013-12-11 22:35:27 UTC,2013-12-11 22:35:27 UTC
405,参院選,1,27,2013-12-11 22:35:30 UTC,2013-12-11 22:35:30 UTC
406,日立,2,29,2013-12-11 23:28:59 UTC,2013-12-11 23:28:59 UTC
407,石油,2,39,2013-12-11 23:32:54 UTC,2013-12-11 23:32:54 UTC
408,メガバンク,2,30,2013-12-11 23:32:55 UTC,2013-12-11 23:32:55 UTC
409,ＲＥＩＴ,2,30,2013-12-11 23:32:55 UTC,2013-12-11 23:32:55 UTC
410,外為,2,30,2013-12-11 23:32:55 UTC,2013-12-11 23:32:55 UTC
411,中銀,2,30,2013-12-11 23:32:55 UTC,2013-12-11 23:32:55 UTC
412,国債,2,30,2013-12-11 23:32:55 UTC,2013-12-11 23:32:55 UTC
413,投資家,2,30,2013-12-11 23:32:55 UTC,2013-12-11 23:32:55 UTC
414,ＥＵＲＩＢＯＲ,2,30,2013-12-11 23:32:55 UTC,2013-12-11 23:32:55 UTC
415,武田薬品,2,29,2013-12-11 23:32:56 UTC,2013-12-11 23:32:56 UTC
416,鉱工業生産,2,28,2013-12-11 23:32:58 UTC,2013-12-11 23:32:58 UTC
417,日本,3,41,2013-12-12 22:23:14 UTC,2013-12-12 22:23:14 UTC
418,アリゾナ,3,3,2013-12-12 22:23:47 UTC,2013-12-12 22:23:47 UTC
419,ユニセフ,3,12,2013-12-12 22:24:33 UTC,2013-12-12 22:24:33 UTC
420,東国原,1,27,2013-12-12 22:26:11 UTC,2013-12-12 22:26:11 UTC
421,大荒れ,1,42,2013-12-12 22:27:29 UTC,2013-12-12 22:27:29 UTC
422,授業,1,38,2013-12-12 22:28:06 UTC,2013-12-12 22:28:06 UTC
423,被害,1,13,2013-12-12 22:28:39 UTC,2013-12-12 22:28:39 UTC
424,奨学,1,38,2013-12-12 22:29:07 UTC,2013-12-12 22:29:07 UTC
425,転落,1,13,2013-12-12 22:29:36 UTC,2013-12-12 22:29:36 UTC
426,死亡,1,13,2013-12-12 22:30:10 UTC,2013-12-12 22:30:10 UTC
427,着服,1,13,2013-12-12 22:30:29 UTC,2013-12-12 22:30:29 UTC
428,起訴,1,13,2013-12-12 22:30:50 UTC,2013-12-12 22:30:50 UTC
429,判決,1,14,2013-12-12 22:31:16 UTC,2013-12-12 22:31:16 UTC
430,政治,1,27,2013-12-12 22:31:42 UTC,2013-12-12 22:31:42 UTC
431,気象庁,1,42,2013-12-12 22:32:05 UTC,2013-12-12 22:32:05 UTC
432,税制,1,14,2013-12-12 22:33:18 UTC,2013-12-12 22:33:18 UTC
433,蜃気楼,1,42,2013-12-12 22:33:48 UTC,2013-12-12 22:33:48 UTC
434,張氏,3,5,2013-12-13 22:32:34 UTC,2013-12-13 22:32:34 UTC
435,マダガスカル,3,10,2013-12-13 22:33:00 UTC,2013-12-13 22:33:00 UTC
436,竹島,3,5,2013-12-13 22:33:40 UTC,2013-12-13 22:33:40 UTC
437,教員,1,38,2013-12-13 22:34:45 UTC,2013-12-13 22:34:45 UTC
438,北朝鮮,1,43,2013-12-13 22:35:58 UTC,2013-12-13 22:35:58 UTC
439,張成沢,1,43,2013-12-13 22:36:37 UTC,2013-12-13 22:36:37 UTC
440,北朝鮮,1,43,2013-12-13 22:37:06 UTC,2013-12-13 22:37:06 UTC
441,幹事長,1,27,2013-12-13 22:37:34 UTC,2013-12-13 22:37:34 UTC
442,総武線,1,32,2013-12-13 22:55:37 UTC,2013-12-13 22:55:37 UTC
443,地震,1,34,2013-12-13 22:55:58 UTC,2013-12-13 22:55:58 UTC
444,震度,1,34,2013-12-13 22:56:15 UTC,2013-12-13 22:56:15 UTC
445,難病,1,8,2013-12-13 22:56:52 UTC,2013-12-13 22:56:52 UTC
446,住民投票,1,27,2013-12-13 22:57:18 UTC,2013-12-13 22:57:18 UTC
447,がん対策推,1,8,2013-12-13 22:57:47 UTC,2013-12-13 22:57:47 UTC
448,臨床試験,1,8,2013-12-13 23:01:27 UTC,2013-12-13 23:01:27 UTC
449,大雪,1,42,2013-12-15 01:25:23 UTC,2013-12-15 01:25:23 UTC
450,育英,1,38,2013-12-15 01:25:43 UTC,2013-12-15 01:25:43 UTC
451,高校,1,38,2013-12-15 01:26:14 UTC,2013-12-15 01:26:14 UTC
452,中学,1,38,2013-12-15 01:26:30 UTC,2013-12-15 01:26:30 UTC
453,バイデン,1,27,2013-12-15 01:27:11 UTC,2013-12-15 01:27:11 UTC
454,寒波,1,42,2013-12-15 01:27:27 UTC,2013-12-15 01:27:27 UTC
455,猪瀬,1,27,2013-12-15 01:27:55 UTC,2013-12-15 01:27:55 UTC
456,パナマ,3,11,2013-12-15 19:37:49 UTC,2013-12-15 19:37:49 UTC
457,コロラド,3,3,2013-12-15 19:38:18 UTC,2013-12-15 19:38:18 UTC
458,スーダン,3,10,2013-12-16 23:00:04 UTC,2013-12-16 23:00:04 UTC
459,ボストン,3,3,2013-12-16 23:00:32 UTC,2013-12-16 23:00:32 UTC
460,ボスニア,3,2,2013-12-16 23:01:05 UTC,2013-12-16 23:01:05 UTC
461,横浜,3,41,2013-12-16 23:02:13 UTC,2013-12-16 23:02:13 UTC
462,韓国,1,43,2013-12-16 23:04:50 UTC,2013-12-16 23:04:50 UTC
463,原爆症,1,8,2013-12-16 23:05:42 UTC,2013-12-16 23:05:42 UTC
464,遭難,1,13,2013-12-16 23:07:16 UTC,2013-12-16 23:07:16 UTC
465,日病,1,8,2013-12-16 23:08:03 UTC,2013-12-16 23:08:03 UTC
466,国公私立,1,38,2013-12-16 23:08:26 UTC,2013-12-16 23:08:26 UTC
467,ワクチン,1,8,2013-12-16 23:09:26 UTC,2013-12-16 23:09:26 UTC
468,津波,1,34,2013-12-16 23:10:01 UTC,2013-12-16 23:10:01 UTC
469,カタール,3,6,2013-12-17 23:41:14 UTC,2013-12-17 23:41:14 UTC
470,ウォール街,3,3,2013-12-17 23:41:40 UTC,2013-12-17 23:41:40 UTC
471,ＮＺ,3,33,2013-12-17 23:42:09 UTC,2013-12-17 23:42:09 UTC
472,習氏,3,1,2013-12-17 23:42:35 UTC,2013-12-17 23:42:35 UTC
473,ハーバード,3,3,2013-12-17 23:42:58 UTC,2013-12-17 23:42:58 UTC
474,パンナム機,3,3,2013-12-17 23:43:24 UTC,2013-12-17 23:43:24 UTC
475,サイバー攻撃,3,10,2013-12-17 23:59:13 UTC,2013-12-17 23:59:13 UTC
482,刑事告発,1,14,2013-12-18 01:11:02 UTC,2013-12-18 01:11:02 UTC
483,容疑者,1,14,2013-12-18 01:11:20 UTC,2013-12-18 01:11:20 UTC
484,ASEAN,1,48,2013-12-18 01:13:26 UTC,2013-12-18 01:13:26 UTC
485,臨床研究,1,8,2013-12-18 01:14:01 UTC,2013-12-18 01:14:01 UTC
486,サイバー攻撃,1,13,2013-12-18 01:14:50 UTC,2013-12-18 01:14:50 UTC
487,除染,1,9,2013-12-18 01:15:30 UTC,2013-12-18 01:15:30 UTC
488,積雪,1,42,2013-12-18 01:15:45 UTC,2013-12-18 01:15:45 UTC
489,高速バス,1,32,2013-12-18 01:16:17 UTC,2013-12-18 01:16:17 UTC
490,強盗,1,13,2013-12-18 01:16:40 UTC,2013-12-18 01:16:40 UTC
491,暴行,1,13,2013-12-18 01:17:18 UTC,2013-12-18 01:17:18 UTC
492,書類送検,1,13,2013-12-18 01:17:38 UTC,2013-12-18 01:17:38 UTC
493,メルケル,3,2,2013-12-19 00:24:12 UTC,2013-12-19 00:24:12 UTC
494,ポルトガル,3,2,2013-12-19 00:24:33 UTC,2013-12-19 00:24:33 UTC
495,EU,3,2,2013-12-19 00:24:54 UTC,2013-12-19 00:24:54 UTC
496,世銀,3,12,2013-12-19 00:25:13 UTC,2013-12-19 00:25:13 UTC
497,司法,1,14,2013-12-19 01:14:19 UTC,2013-12-19 01:14:19 UTC
498,中医協,1,8,2013-12-19 01:15:12 UTC,2013-12-19 01:15:12 UTC
499,都議会,1,27,2013-12-19 01:15:41 UTC,2013-12-19 01:15:41 UTC
500,防衛省,1,49,2013-12-19 01:16:17 UTC,2013-12-19 01:16:17 UTC
501,自衛隊,1,49,2013-12-19 01:16:38 UTC,2013-12-19 01:16:38 UTC
502,..法,1,14,2013-12-19 01:17:36 UTC,2013-12-19 01:17:36 UTC
503,学長,1,38,2013-12-19 01:18:27 UTC,2013-12-19 01:18:27 UTC
504,公判,1,14,2013-12-19 23:21:26 UTC,2013-12-19 23:21:26 UTC
505,事件,1,13,2013-12-19 23:21:46 UTC,2013-12-19 23:21:46 UTC
506,遺体,1,13,2013-12-19 23:22:45 UTC,2013-12-19 23:22:45 UTC
507,高裁,1,14,2013-12-19 23:23:02 UTC,2013-12-19 23:23:02 UTC
508,厚労省,1,8,2013-12-19 23:23:30 UTC,2013-12-19 23:23:30 UTC
509,食材偽装,1,13,2013-12-19 23:23:56 UTC,2013-12-19 23:23:56 UTC
510,低気圧,1,42,2013-12-19 23:24:41 UTC,2013-12-19 23:24:41 UTC
511,死傷,1,13,2013-12-19 23:24:58 UTC,2013-12-19 23:24:58 UTC
512,芥川賞,1,50,2013-12-19 23:26:58 UTC,2013-12-19 23:26:58 UTC
513,大佛次郎賞,1,50,2013-12-19 23:26:58 UTC,2013-12-19 23:26:58 UTC
514,あぶさん,1,50,2013-12-19 23:26:58 UTC,2013-12-19 23:26:58 UTC
515,漫画,1,50,2013-12-19 23:26:58 UTC,2013-12-19 23:26:58 UTC
516,オペラ,1,50,2013-12-19 23:26:58 UTC,2013-12-19 23:26:58 UTC
517,バチカン,3,2,2013-12-20 23:31:21 UTC,2013-12-20 23:31:21 UTC
518,シカゴ,3,3,2013-12-20 23:31:40 UTC,2013-12-20 23:31:40 UTC
519,ミラノ,3,2,2013-12-20 23:32:09 UTC,2013-12-20 23:32:09 UTC
520,検定審,1,38,2013-12-20 23:33:36 UTC,2013-12-20 23:33:36 UTC
521,復興,1,9,2013-12-20 23:34:03 UTC,2013-12-20 23:34:03 UTC
522,特急,1,32,2013-12-20 23:34:26 UTC,2013-12-20 23:34:26 UTC
523,荒天,1,42,2013-12-20 23:34:49 UTC,2013-12-20 23:34:49 UTC
524,公取委,1,14,2013-12-20 23:35:17 UTC,2013-12-20 23:35:17 UTC
525,普天間,1,49,2013-12-20 23:35:41 UTC,2013-12-20 23:35:41 UTC
526,市長,1,27,2013-12-20 23:36:10 UTC,2013-12-20 23:36:10 UTC
527,論壇,1,50,2013-12-20 23:36:32 UTC,2013-12-20 23:36:32 UTC
528,無免許,1,13,2013-12-20 23:37:00 UTC,2013-12-20 23:37:00 UTC
529,公安,1,14,2013-12-20 23:37:36 UTC,2013-12-20 23:37:36 UTC
530,不正受給,1,13,2013-12-20 23:38:12 UTC,2013-12-20 23:38:12 UTC
531,帰還者,1,9,2013-12-20 23:39:02 UTC,2013-12-20 23:39:02 UTC
532,教科書検定,1,38,2013-12-20 23:39:19 UTC,2013-12-20 23:39:19 UTC
533,著作権,1,14,2013-12-20 23:39:56 UTC,2013-12-20 23:39:56 UTC
534,電鉄,1,32,2013-12-20 23:40:36 UTC,2013-12-20 23:40:36 UTC
535,ウガンダ,3,10,2013-12-21 23:41:32 UTC,2013-12-21 23:41:32 UTC
536,印..,3,7,2013-12-21 23:42:05 UTC,2013-12-21 23:42:05 UTC
537,福島,3,41,2013-12-23 00:24:30 UTC,2013-12-23 00:24:30 UTC
538,ISS,3,12,2013-12-23 00:24:56 UTC,2013-12-23 00:24:56 UTC
539,東北本線,1,32,2013-12-23 00:27:56 UTC,2013-12-23 00:27:56 UTC
540,東電,1,24,2013-12-23 00:28:19 UTC,2013-12-23 00:28:19 UTC
541,加古川線,1,32,2013-12-23 00:28:45 UTC,2013-12-23 00:28:45 UTC
542,朴氏,1,43,2013-12-23 00:29:23 UTC,2013-12-23 00:29:23 UTC
543,山手線,1,32,2013-12-23 00:30:12 UTC,2013-12-23 00:30:12 UTC
544,体罰,1,38,2013-12-23 00:30:34 UTC,2013-12-23 00:30:34 UTC
545,王将,1,13,2013-12-23 00:31:17 UTC,2013-12-23 00:31:17 UTC
546,ＪＡＬ,1,24,2013-12-23 00:32:15 UTC,2013-12-23 00:32:15 UTC
547,常磐線,1,32,2013-12-23 00:32:32 UTC,2013-12-23 00:32:32 UTC
548,モナコ,3,2,2013-12-23 19:30:46 UTC,2013-12-23 19:30:46 UTC
549,タリバン,3,6,2013-12-23 19:31:06 UTC,2013-12-23 19:31:06 UTC
550,アブダビ,3,6,2013-12-23 19:31:30 UTC,2013-12-23 19:31:30 UTC
551,横須賀線,1,32,2013-12-25 01:42:08 UTC,2013-12-25 01:42:08 UTC
552,歌会始,1,50,2013-12-25 01:42:33 UTC,2013-12-25 01:42:33 UTC
553,花火,1,50,2013-12-25 01:42:50 UTC,2013-12-25 01:42:50 UTC
554,汚染水,1,9,2013-12-25 01:43:08 UTC,2013-12-25 01:43:08 UTC
555,訴訟,1,14,2013-12-25 01:43:31 UTC,2013-12-25 01:43:31 UTC
556,温暖化,1,48,2013-12-25 01:43:50 UTC,2013-12-25 01:43:50 UTC
557,ボリウッド,3,7,2013-12-26 00:40:25 UTC,2013-12-26 00:40:25 UTC
558,宇宙ステーション,3,12,2013-12-26 00:41:04 UTC,2013-12-26 00:41:04 UTC
559,日ロ,3,41,2013-12-26 00:41:31 UTC,2013-12-26 00:41:31 UTC
560,日ロ,3,41,2013-12-26 00:41:31 UTC,2013-12-26 00:41:31 UTC
561,安倍,3,41,2013-12-27 01:07:15 UTC,2013-12-27 01:07:15 UTC
562,東欧,3,2,2013-12-27 01:07:56 UTC,2013-12-27 01:07:56 UTC
563,バグダッド,3,6,2013-12-27 01:08:23 UTC,2013-12-27 01:08:23 UTC
564,ベイルート,3,6,2013-12-28 00:39:56 UTC,2013-12-28 00:39:56 UTC
565,習主席,3,1,2013-12-28 00:40:19 UTC,2013-12-28 00:40:19 UTC
566,沖縄県,3,41,2013-12-28 00:40:40 UTC,2013-12-28 00:40:40 UTC
567,デルタ航空,3,3,2013-12-28 00:41:02 UTC,2013-12-28 00:41:02 UTC
568,エリゼ宮,3,2,2013-12-28 00:41:18 UTC,2013-12-28 00:41:18 UTC
569,毛沢東,3,1,2013-12-28 00:41:37 UTC,2013-12-28 00:41:37 UTC
570,尖閣,3,1,2013-12-30 00:42:19 UTC,2013-12-30 00:42:19 UTC
571,四川省,3,1,2013-12-30 00:42:36 UTC,2013-12-30 00:42:36 UTC
572,北海,3,2,2013-12-30 00:43:17 UTC,2013-12-30 00:43:17 UTC
573,タジキスタン,3,51,2013-12-30 00:46:16 UTC,2013-12-30 00:46:16 UTC
574,沖縄,3,41,2013-12-30 00:47:24 UTC,2013-12-30 00:47:24 UTC
575,京浜東北,1,32,2013-12-30 01:18:02 UTC,2013-12-30 01:18:02 UTC
576,マルハニチロ,1,24,2013-12-30 01:18:37 UTC,2013-12-30 01:18:37 UTC
577,農薬,1,13,2013-12-30 01:19:30 UTC,2013-12-30 01:19:30 UTC
578,予防接種,1,8,2013-12-30 01:20:44 UTC,2013-12-30 01:20:44 UTC
579,天気,1,42,2013-12-30 01:21:27 UTC,2013-12-30 01:21:27 UTC
580,衝突,1,42,2013-12-30 01:21:40 UTC,2013-12-30 01:21:40 UTC
581,ＴＰＰ,1,48,2013-12-30 01:22:32 UTC,2013-12-30 01:22:32 UTC
582,エルサルバドル,3,11,2013-12-31 00:01:49 UTC,2013-12-31 00:01:49 UTC
583,金第1書記,3,5,2013-12-31 23:05:05 UTC,2013-12-31 23:05:05 UTC
584,宝塚,1,50,2013-12-31 23:07:45 UTC,2013-12-31 23:07:45 UTC
585,朝日賞,1,50,2013-12-31 23:08:20 UTC,2013-12-31 23:08:20 UTC
586,ロック,1,50,2013-12-31 23:08:49 UTC,2013-12-31 23:08:49 UTC
587,晴れ,1,42,2013-12-31 23:09:43 UTC,2013-12-31 23:09:43 UTC
588,荒れ模様,1,42,2013-12-31 23:10:22 UTC,2013-12-31 23:10:22 UTC
589,東京電力,2,39,2014-01-01 00:59:02 UTC,2014-01-01 00:59:02 UTC
590,ＪＲ東海,2,29,2014-01-01 01:00:03 UTC,2014-01-01 01:00:03 UTC
591,ダウ,2,30,2014-01-01 01:00:25 UTC,2014-01-01 01:00:25 UTC
592,ライオン,2,29,2014-01-01 01:01:05 UTC,2014-01-01 01:01:05 UTC
593,日銀,2,30,2014-01-01 01:01:26 UTC,2014-01-01 01:01:26 UTC
594,印　,2,36,2014-01-01 01:01:55 UTC,2014-01-01 01:01:55 UTC
595,株高,2,30,2014-01-01 01:02:15 UTC,2014-01-01 01:02:15 UTC
596,ナスダック,2,30,2014-01-01 01:02:49 UTC,2014-01-01 01:02:49 UTC
597,中国,2,40,2014-01-01 01:04:10 UTC,2014-01-01 01:04:10 UTC
598,デフレ,2,28,2014-01-01 01:04:29 UTC,2014-01-01 01:04:29 UTC
599,春闘,2,37,2014-01-01 01:04:56 UTC,2014-01-01 01:04:56 UTC
600,豪州,2,36,2014-01-01 01:05:33 UTC,2014-01-01 01:05:33 UTC
601,シンガポール,2,36,2014-01-01 01:05:52 UTC,2014-01-01 01:05:52 UTC
602,インド,2,36,2014-01-01 01:06:20 UTC,2014-01-01 01:06:20 UTC
603,パナソニック,2,29,2014-01-01 01:06:37 UTC,2014-01-01 01:06:37 UTC
604,アップル,3,3,2014-01-02 00:15:24 UTC,2014-01-02 00:15:24 UTC
605,ブエノスアイレス,3,11,2014-01-02 00:15:56 UTC,2014-01-02 00:15:56 UTC
606,東京,3,41,2014-01-02 00:16:53 UTC,2014-01-02 00:16:53 UTC
607,都内,3,41,2014-01-02 00:16:53 UTC,2014-01-02 00:16:53 UTC
608,新幹線,2,53,2014-01-02 00:36:58 UTC,2014-01-02 00:36:58 UTC
609,リニア,2,53,2014-01-02 00:37:39 UTC,2014-01-02 00:37:39 UTC
610,井の頭線,2,53,2014-01-02 00:38:02 UTC,2014-01-02 00:38:02 UTC
611,原発,2,39,2014-01-02 00:39:13 UTC,2014-01-02 00:39:13 UTC
612,フォルクスワーゲン,2,15,2014-01-02 00:40:08 UTC,2014-01-02 00:40:08 UTC
613,残業代,2,15,2014-01-02 00:40:31 UTC,2014-01-02 00:40:31 UTC
614,関西経済,2,28,2014-01-02 00:41:04 UTC,2014-01-02 00:41:04 UTC
615,電気・ガス,2,39,2014-01-02 00:41:51 UTC,2014-01-02 00:41:51 UTC
616,運休,2,53,2014-01-02 00:42:21 UTC,2014-01-02 00:42:21 UTC
617,ＮＹ市場,2,30,2014-01-02 00:42:44 UTC,2014-01-02 00:42:44 UTC
618,ＮＹ市場,2,15,2014-01-02 00:43:22 UTC,2014-01-02 00:43:22 UTC
619,日本経済,2,28,2014-01-02 00:43:44 UTC,2014-01-02 00:43:44 UTC
620,マレーシア,2,36,2014-01-02 00:44:05 UTC,2014-01-02 00:44:05 UTC
621,ＮＹ,2,36,2014-01-02 00:44:35 UTC,2014-01-02 00:44:35 UTC
622,自工会,2,15,2014-01-02 00:44:52 UTC,2014-01-02 00:44:52 UTC
623,コマツ,2,29,2014-01-02 00:45:55 UTC,2014-01-02 00:45:55 UTC
624,ＦＲＢ,2,30,2014-01-05 00:55:33 UTC,2014-01-05 00:55:33 UTC
625,日中,2,40,2014-01-05 00:56:08 UTC,2014-01-05 00:56:08 UTC
626,連銀総裁,2,30,2014-01-05 00:56:32 UTC,2014-01-05 00:56:32 UTC
627,ドイツ,2,36,2014-01-05 00:56:55 UTC,2014-01-05 00:56:55 UTC
628,英..,2,36,2014-01-05 00:57:20 UTC,2014-01-05 00:57:20 UTC
629,再稼働,1,9,2014-01-05 01:04:25 UTC,2014-01-05 01:04:25 UTC
630,小児科医,1,8,2014-01-05 01:04:45 UTC,2014-01-05 01:04:45 UTC
631,体外受精,1,8,2014-01-07 00:30:14 UTC,2014-01-07 00:30:14 UTC
632,覚醒剤,1,13,2014-01-07 00:30:49 UTC,2014-01-07 00:30:49 UTC
633,東上線,1,32,2014-01-07 00:32:11 UTC,2014-01-07 00:32:11 UTC
634,アフガニスタン,3,6,2014-01-08 00:14:01 UTC,2014-01-08 00:14:01 UTC
635,サムスン電子,3,5,2014-01-08 00:14:36 UTC,2014-01-08 00:14:36 UTC
636,アメリカ,3,3,2014-01-08 00:14:49 UTC,2014-01-08 00:14:49 UTC
637,ツイッター,3,3,2014-01-08 00:15:22 UTC,2014-01-08 00:15:22 UTC
638,モロッコ,3,10,2014-01-08 00:15:36 UTC,2014-01-08 00:15:36 UTC
639,官房長官,3,41,2014-01-08 00:16:42 UTC,2014-01-08 00:16:42 UTC
640,サンパウロ,3,11,2014-01-08 22:27:57 UTC,2014-01-08 22:27:57 UTC
641,ＣＥＳ,3,3,2014-01-08 22:28:21 UTC,2014-01-08 22:28:21 UTC
642,ハノイ,3,4,2014-01-08 22:28:43 UTC,2014-01-08 22:28:43 UTC
643,ノースカロライナ,3,3,2014-01-08 22:28:56 UTC,2014-01-08 22:28:56 UTC
644,ＩＰＣＣ,3,12,2014-01-08 22:29:11 UTC,2014-01-08 22:29:11 UTC
645,重軽傷,1,13,2014-01-08 22:32:56 UTC,2014-01-08 22:32:56 UTC
646,労働委,1,25,2014-01-08 22:34:24 UTC,2014-01-08 22:34:24 UTC
647,盗難,1,13,2014-01-08 22:34:49 UTC,2014-01-08 22:34:49 UTC
648,CES,3,3,2014-01-09 22:25:34 UTC,2014-01-09 22:25:34 UTC
649,キューバ,3,11,2014-01-09 22:26:19 UTC,2014-01-09 22:26:19 UTC
650,寒気,1,42,2014-01-09 22:28:30 UTC,2014-01-09 22:28:30 UTC
651,列車故障,1,32,2014-01-09 22:28:48 UTC,2014-01-09 22:28:48 UTC
652,経団連,1,24,2014-01-09 22:32:03 UTC,2014-01-09 22:32:03 UTC
653,けが人,1,13,2014-01-09 22:32:50 UTC,2014-01-09 22:32:50 UTC
654,天皇,1,50,2014-01-09 22:33:30 UTC,2014-01-09 22:33:30 UTC
655,神社,1,50,2014-01-09 22:33:49 UTC,2014-01-09 22:33:49 UTC
656,来日外国人,1,50,2014-01-09 22:34:25 UTC,2014-01-09 22:34:25 UTC
657,爆発,1,13,2014-01-09 22:34:53 UTC,2014-01-09 22:34:53 UTC
658,運転再開,1,32,2014-01-09 22:35:26 UTC,2014-01-09 22:35:26 UTC
659,インフル,1,8,2014-01-09 22:36:42 UTC,2014-01-09 22:36:42 UTC
660,カストロ,3,11,2014-01-11 00:27:56 UTC,2014-01-11 00:27:56 UTC
661,サラエボ,3,2,2014-01-11 00:31:34 UTC,2014-01-11 00:31:34 UTC
662,NJ州,3,3,2014-01-11 00:31:46 UTC,2014-01-11 00:31:46 UTC
663,アマゾンＣＥＯ,3,3,2014-01-11 00:32:15 UTC,2014-01-11 00:32:15 UTC
664,アラスカ,3,3,2014-01-11 00:32:26 UTC,2014-01-11 00:32:26 UTC
665,チュニジア,3,10,2014-01-11 00:32:43 UTC,2014-01-11 00:32:43 UTC
666,ナイアガラ,3,3,2014-01-12 00:42:15 UTC,2014-01-12 00:42:15 UTC
667,陝西省,3,1,2014-01-12 00:42:42 UTC,2014-01-12 00:42:42 UTC
668,ダカール,3,10,2014-01-12 00:43:12 UTC,2014-01-12 00:43:12 UTC
669,世界,3,12,2014-01-12 00:43:49 UTC,2014-01-12 00:43:49 UTC
670,活断層,2,39,2014-01-12 01:02:22 UTC,2014-01-12 01:02:22 UTC
671,オートサロン,2,15,2014-01-12 01:02:47 UTC,2014-01-12 01:02:47 UTC
672,ヤンマー,2,29,2014-01-12 01:03:03 UTC,2014-01-12 01:03:03 UTC
673,VW,2,15,2014-01-12 01:03:13 UTC,2014-01-12 01:03:13 UTC
674,脱線,2,53,2014-01-12 01:04:08 UTC,2014-01-12 01:04:08 UTC
675,ＡＮＡ,2,29,2014-01-12 01:04:49 UTC,2014-01-12 01:04:49 UTC
676,薄型テレビ,2,17,2014-01-12 01:05:09 UTC,2014-01-12 01:05:09 UTC
677,クライスラー,2,15,2014-01-12 01:05:22 UTC,2014-01-12 01:05:22 UTC
678,ＦＯＭＣ,2,35,2014-01-12 01:05:48 UTC,2014-01-12 01:05:48 UTC
679,カナダ,2,36,2014-01-12 01:06:00 UTC,2014-01-12 01:06:00 UTC
680,デジカメ,2,17,2014-01-12 01:06:30 UTC,2014-01-12 01:06:30 UTC
681,イオン,2,54,2014-01-12 01:07:22 UTC,2014-01-12 01:07:22 UTC
682,コンビニ,2,54,2014-01-12 01:07:36 UTC,2014-01-12 01:07:36 UTC
683,アフリカ市場,2,36,2014-01-12 01:07:49 UTC,2014-01-12 01:07:49 UTC
684,ミャンマー,2,36,2014-01-12 01:08:01 UTC,2014-01-12 01:08:01 UTC
685,ポルトガル,2,36,2014-01-12 01:08:13 UTC,2014-01-12 01:08:13 UTC
686,平壌,3,5,2014-01-13 00:27:11 UTC,2014-01-13 00:27:11 UTC
687,トロント,3,3,2014-01-13 00:27:48 UTC,2014-01-13 00:27:48 UTC
688,カラシニコフ,3,52,2014-01-14 22:54:24 UTC,2014-01-14 22:54:24 UTC
689,タージ・マハル,3,7,2014-01-14 22:54:39 UTC,2014-01-14 22:54:39 UTC
690,アラブ,3,6,2014-01-14 22:55:01 UTC,2014-01-14 22:55:01 UTC
691,西武ＨＤ,2,54,2014-01-15 00:36:03 UTC,2014-01-15 00:36:03 UTC
692,ロシア,2,36,2014-01-15 00:37:02 UTC,2014-01-15 00:37:02 UTC
693,フィリピン,2,36,2014-01-15 00:37:22 UTC,2014-01-15 00:37:22 UTC
694,デトロイト,2,36,2014-01-15 00:38:16 UTC,2014-01-15 00:38:16 UTC
695,円台,2,30,2014-01-15 00:38:33 UTC,2014-01-15 00:38:33 UTC
696,ＥＵ,2,36,2014-01-15 00:38:52 UTC,2014-01-15 00:38:52 UTC
697,ギリシャ,2,36,2014-01-15 00:39:03 UTC,2014-01-15 00:39:03 UTC
698,欧州株,2,30,2014-01-15 00:39:18 UTC,2014-01-15 00:39:18 UTC
699,エクアドル,3,11,2014-01-16 00:25:52 UTC,2014-01-16 00:25:52 UTC
700,ヒンズー,3,7,2014-01-16 00:26:46 UTC,2014-01-16 00:26:46 UTC
701,ナイル,3,10,2014-01-16 00:27:10 UTC,2014-01-16 00:27:10 UTC
702,ナイル,2,28,2014-01-16 00:28:56 UTC,2014-01-16 00:28:56 UTC
703,大手証券,2,30,2014-01-16 00:29:25 UTC,2014-01-16 00:29:25 UTC
704,三菱電機,2,29,2014-01-16 00:29:40 UTC,2014-01-16 00:29:40 UTC
705,東芝,2,29,2014-01-16 00:30:03 UTC,2014-01-16 00:30:03 UTC
706,ＶＷ,2,29,2014-01-16 00:30:28 UTC,2014-01-16 00:30:28 UTC
707,火力,2,39,2014-01-16 00:30:51 UTC,2014-01-16 00:30:51 UTC
708,原子炉,2,39,2014-01-16 00:31:30 UTC,2014-01-16 00:31:30 UTC
709,スマホ,2,18,2014-01-16 00:32:28 UTC,2014-01-16 00:32:28 UTC
710,イタリア,2,36,2014-01-16 00:32:45 UTC,2014-01-16 00:32:45 UTC
711,スペイン,2,36,2014-01-16 00:32:55 UTC,2014-01-16 00:32:55 UTC
712,量的緩和,2,30,2014-01-18 00:27:31 UTC,2014-01-18 00:27:31 UTC
713,レクサス,2,15,2014-01-18 00:28:54 UTC,2014-01-18 00:28:54 UTC
714,敷島製パン,2,29,2014-01-18 00:29:11 UTC,2014-01-18 00:29:11 UTC
715,訪日客,2,54,2014-01-18 00:29:42 UTC,2014-01-18 00:29:42 UTC
716,台湾,2,36,2014-01-18 00:30:03 UTC,2014-01-18 00:30:03 UTC
717,投資銀,2,30,2014-01-18 00:30:22 UTC,2014-01-18 00:30:22 UTC
718,モルガン・スタンレ,2,30,2014-01-18 00:30:46 UTC,2014-01-18 00:30:46 UTC
719,百貨店,2,54,2014-01-18 00:30:58 UTC,2014-01-18 00:30:58 UTC
720,ノルウェー,3,2,2014-01-19 00:25:49 UTC,2014-01-19 00:25:49 UTC
721,カブール,3,6,2014-01-19 00:26:24 UTC,2014-01-19 00:26:24 UTC
722,ムーディーズ,2,30,2014-01-19 00:38:49 UTC,2014-01-19 00:38:49 UTC
723,投資信託,2,30,2014-01-19 00:39:23 UTC,2014-01-19 00:39:23 UTC
724,日経平均,2,30,2014-01-20 00:55:45 UTC,2014-01-20 00:55:45 UTC
725,ベトナム,2,36,2014-01-20 00:57:14 UTC,2014-01-20 00:57:14 UTC
726,燃料電池,2,39,2014-01-20 00:57:40 UTC,2014-01-20 00:57:40 UTC
727,再生エネ,2,39,2014-01-20 00:58:10 UTC,2014-01-20 00:58:10 UTC
728,川崎汽船,2,53,2014-01-20 00:58:29 UTC,2014-01-20 00:58:29 UTC
729,輸出船,2,53,2014-01-20 00:58:42 UTC,2014-01-20 00:58:42 UTC
730,ユニクロ,2,54,2014-01-20 00:59:23 UTC,2014-01-20 00:59:23 UTC
731,日本郵船,2,53,2014-01-20 01:00:02 UTC,2014-01-20 01:00:02 UTC
732,長期金利,2,30,2014-01-20 01:00:32 UTC,2014-01-20 01:00:32 UTC
733,ＪＰモルガン,2,30,2014-01-20 01:00:50 UTC,2014-01-20 01:00:50 UTC
734,新型車両,2,53,2014-01-20 01:01:26 UTC,2014-01-20 01:01:26 UTC
735,ビール消費,2,54,2014-01-20 01:04:06 UTC,2014-01-20 01:04:06 UTC
736,提携ローン,2,30,2014-01-20 01:04:47 UTC,2014-01-20 01:04:47 UTC
737,アベノミクス,2,28,2014-01-20 01:05:37 UTC,2014-01-20 01:05:37 UTC
738,エアバス,2,53,2014-01-20 01:12:11 UTC,2014-01-20 01:12:11 UTC
739,ILO,3,12,2014-01-21 00:24:23 UTC,2014-01-21 00:24:23 UTC
740,五輪,3,12,2014-01-21 00:24:41 UTC,2014-01-21 00:24:41 UTC
741,W杯,3,12,2014-01-21 00:24:50 UTC,2014-01-21 00:24:50 UTC
742,ルネサス,2,17,2014-01-22 00:58:11 UTC,2014-01-22 00:58:11 UTC
743,三越伊勢丹,2,54,2014-01-22 00:58:24 UTC,2014-01-22 00:58:24 UTC
744,ソチ五輪,2,16,2014-01-22 00:58:38 UTC,2014-01-22 00:58:38 UTC
745,ルノー,2,15,2014-01-22 00:58:49 UTC,2014-01-22 00:58:49 UTC
746,ルノー,2,53,2014-01-22 00:59:07 UTC,2014-01-22 00:59:07 UTC
747,就職,2,37,2014-01-22 00:59:23 UTC,2014-01-22 00:59:23 UTC
748,就航,2,53,2014-01-22 00:59:42 UTC,2014-01-22 00:59:42 UTC
749,造船,2,53,2014-01-22 00:59:52 UTC,2014-01-22 00:59:52 UTC
750,物流,2,53,2014-01-22 01:00:09 UTC,2014-01-22 01:00:09 UTC
751,マツダ,2,15,2014-01-22 01:00:30 UTC,2014-01-22 01:00:30 UTC
752,サントリー,2,54,2014-01-22 01:00:46 UTC,2014-01-22 01:00:46 UTC
753,成長戦略,2,28,2014-01-22 01:01:01 UTC,2014-01-22 01:01:01 UTC
754,ＩＭＦ,2,36,2014-01-22 01:01:37 UTC,2014-01-22 01:01:37 UTC
755,日本車,2,15,2014-01-22 01:01:53 UTC,2014-01-22 01:01:53 UTC
756,オペル,2,15,2014-01-22 01:02:21 UTC,2014-01-22 01:02:21 UTC
757,為替レート,2,30,2014-01-22 01:02:43 UTC,2014-01-22 01:02:43 UTC
758,全日空,2,53,2014-01-22 01:03:02 UTC,2014-01-22 01:03:02 UTC
759,スノーデン,3,3,2014-01-23 00:30:38 UTC,2014-01-23 00:30:38 UTC
760,タクシン,3,4,2014-01-23 00:30:50 UTC,2014-01-23 00:30:50 UTC
761,ダボス,3,12,2014-01-23 00:31:03 UTC,2014-01-23 00:31:03 UTC
762,鳥インフル,3,12,2014-01-23 00:31:14 UTC,2014-01-23 00:31:14 UTC
763,スロバキア,3,52,2014-01-23 00:31:59 UTC,2014-01-23 00:31:59 UTC
764,Ｗ杯,3,12,2014-01-23 00:32:14 UTC,2014-01-23 00:32:14 UTC
765,リトアニア,3,52,2014-01-24 00:37:01 UTC,2014-01-24 00:37:01 UTC
766,インフル,3,12,2014-01-24 00:42:51 UTC,2014-01-24 00:42:51 UTC
767,IBM,3,3,2014-01-24 00:43:14 UTC,2014-01-24 00:43:14 UTC
768,サムスン電子,2,17,2014-01-24 00:56:09 UTC,2014-01-24 00:56:09 UTC
769,４Ｇ,2,18,2014-01-24 00:56:48 UTC,2014-01-24 00:56:48 UTC
770,ドル・円,2,30,2014-01-24 00:57:07 UTC,2014-01-24 00:57:07 UTC
771,高島屋,2,54,2014-01-24 00:57:56 UTC,2014-01-24 00:57:56 UTC
772,日本株,2,30,2014-01-24 00:58:10 UTC,2014-01-24 00:58:10 UTC
773,ヒュンダイ,2,15,2014-01-24 00:58:21 UTC,2014-01-24 00:58:21 UTC
774,キリン,2,29,2014-01-24 00:58:38 UTC,2014-01-24 00:58:38 UTC
775,企業調査,2,28,2014-01-24 00:58:57 UTC,2014-01-24 00:58:57 UTC
776,日教組,1,38,2014-01-24 01:03:26 UTC,2014-01-24 01:03:26 UTC
777,小田急小田原線,1,32,2014-01-24 01:04:50 UTC,2014-01-24 01:04:50 UTC
778,仁川,3,5,2014-01-25 00:57:50 UTC,2014-01-25 00:57:50 UTC
779,春節,3,1,2014-01-25 00:58:22 UTC,2014-01-25 00:58:22 UTC
780,シャープ,2,17,2014-01-25 01:15:33 UTC,2014-01-25 01:15:33 UTC
781,電事連,2,39,2014-01-25 01:16:05 UTC,2014-01-25 01:16:05 UTC
782,日印,2,36,2014-01-25 01:18:07 UTC,2014-01-25 01:18:07 UTC
783,為替,2,30,2014-01-25 01:18:27 UTC,2014-01-25 01:18:27 UTC
784,中部電力,2,39,2014-01-25 01:18:40 UTC,2014-01-25 01:18:40 UTC
785,ＢＩＳ,2,30,2014-01-25 01:19:04 UTC,2014-01-25 01:19:04 UTC
786,ファミマ,2,54,2014-01-25 01:19:44 UTC,2014-01-25 01:19:44 UTC
787,ＥＰＡ,2,36,2014-01-26 00:18:32 UTC,2014-01-26 00:18:32 UTC
788,バッキンガム,3,2,2014-01-29 00:13:31 UTC,2014-01-29 00:13:31 UTC
789,アベノミクス,3,41,2014-01-29 00:13:43 UTC,2014-01-29 00:13:43 UTC
790,ダゲスタン,3,52,2014-01-29 00:14:01 UTC,2014-01-29 00:14:01 UTC
791,ニカラグア,3,11,2014-01-30 00:22:39 UTC,2014-01-30 00:22:39 UTC
792,スーパーボウル,3,3,2014-01-30 00:22:59 UTC,2014-01-30 00:22:59 UTC
793,サハリン,3,52,2014-01-30 00:23:17 UTC,2014-01-30 00:23:17 UTC
794,中台,3,1,2014-01-30 00:23:34 UTC,2014-01-30 00:23:34 UTC
795,バーナンキ,3,3,2014-01-31 00:25:35 UTC,2014-01-31 00:25:35 UTC
796,IMF,3,12,2014-02-01 23:15:28 UTC,2014-02-01 23:15:28 UTC
797,ANA,2,53,2014-02-01 23:17:01 UTC,2014-02-01 23:17:01 UTC
798,JAL,2,53,2014-02-01 23:17:11 UTC,2014-02-01 23:17:11 UTC
799,ビール,2,54,2014-02-01 23:18:31 UTC,2014-02-01 23:18:31 UTC
800,タイ,2,36,2014-02-01 23:18:46 UTC,2014-02-01 23:18:46 UTC
801,シリア,2,36,2014-02-01 23:18:58 UTC,2014-02-01 23:18:58 UTC
802,ベンツ,2,15,2014-02-01 23:19:17 UTC,2014-02-01 23:19:17 UTC
803,羽田空港,2,53,2014-02-01 23:19:40 UTC,2014-02-01 23:19:40 UTC
804,欧州車,2,53,2014-02-01 23:20:01 UTC,2014-02-01 23:20:01 UTC
805,新興国,2,36,2014-02-01 23:20:17 UTC,2014-02-01 23:20:17 UTC
806,新興国株,2,30,2014-02-01 23:20:37 UTC,2014-02-01 23:20:37 UTC
807,アルゼンチン,2,36,2014-02-01 23:21:00 UTC,2014-02-01 23:21:00 UTC
808,二輪車,2,15,2014-02-01 23:21:12 UTC,2014-02-01 23:21:12 UTC
809,アウディ,2,15,2014-02-01 23:21:35 UTC,2014-02-01 23:21:35 UTC
810,太陽光,2,39,2014-02-01 23:21:49 UTC,2014-02-01 23:21:49 UTC
811,労働者,2,37,2014-02-01 23:22:15 UTC,2014-02-01 23:22:15 UTC
812,ケンウッド,2,17,2014-02-01 23:22:34 UTC,2014-02-01 23:22:34 UTC
813,ボベスパ,2,30,2014-02-01 23:22:49 UTC,2014-02-01 23:22:49 UTC
814,燃料費,2,39,2014-02-01 23:23:28 UTC,2014-02-01 23:23:28 UTC
815,人材派遣,2,37,2014-02-01 23:23:48 UTC,2014-02-01 23:23:48 UTC
816,かんぽ,2,30,2014-02-01 23:24:06 UTC,2014-02-01 23:24:06 UTC
817,日生,2,30,2014-02-01 23:24:30 UTC,2014-02-01 23:24:30 UTC
818,消費者物価,2,28,2014-02-01 23:24:54 UTC,2014-02-01 23:24:54 UTC
819,コスタリカ,3,11,2014-02-02 22:54:49 UTC,2014-02-02 22:54:49 UTC
820,４Ｋ,2,17,2014-02-02 22:56:14 UTC,2014-02-02 22:56:14 UTC
821,キヤノン,2,29,2014-02-02 22:57:41 UTC,2014-02-02 22:57:41 UTC
822,雇用,2,37,2014-02-02 22:58:09 UTC,2014-02-02 22:58:09 UTC
823,正社員,2,37,2014-02-02 22:58:37 UTC,2014-02-02 22:58:37 UTC
824,商船三井,2,53,2014-02-02 22:59:24 UTC,2014-02-02 22:59:24 UTC
825,日野,2,15,2014-02-02 22:59:46 UTC,2014-02-02 22:59:46 UTC
826,成田国際空港,2,53,2014-02-04 00:24:14 UTC,2014-02-04 00:24:14 UTC
827,イエレン,2,30,2014-02-04 00:25:31 UTC,2014-02-04 00:25:31 UTC
828,運転見合わせ,1,32,2014-02-05 00:50:49 UTC,2014-02-05 00:50:49 UTC
829,諫早,1,13,2014-02-05 00:51:15 UTC,2014-02-05 00:51:15 UTC
830,死刑囚,1,14,2014-02-05 00:51:32 UTC,2014-02-05 00:51:32 UTC
831,談合,1,13,2014-02-05 00:51:51 UTC,2014-02-05 00:51:51 UTC
832,離散家族,3,5,2014-02-06 00:28:27 UTC,2014-02-06 00:28:27 UTC
833,ホムス,3,6,2014-02-10 23:10:11 UTC,2014-02-10 23:10:11 UTC
834,就活,2,37,2014-02-12 00:27:01 UTC,2014-02-12 00:27:01 UTC
835,ファンド,2,30,2014-02-12 00:28:36 UTC,2014-02-12 00:28:36 UTC
836,ローソン,2,54,2014-02-12 00:29:54 UTC,2014-02-12 00:29:54 UTC
837,ノキア,2,18,2014-02-12 00:30:16 UTC,2014-02-12 00:30:16 UTC
838,韓国,2,36,2014-02-12 00:30:32 UTC,2014-02-12 00:30:32 UTC
839,浜岡,1,9,2014-02-14 00:26:42 UTC,2014-02-14 00:26:42 UTC
840,核のゴミ,1,9,2014-02-14 00:26:54 UTC,2014-02-14 00:26:54 UTC
841,ダイヤ乱れ,1,32,2014-02-14 00:27:14 UTC,2014-02-14 00:27:14 UTC
842,NHK,1,55,2014-02-14 00:30:54 UTC,2014-02-14 00:30:54 UTC
843,ＮＨＫ,1,55,2014-02-14 00:31:28 UTC,2014-02-14 00:31:28 UTC
844,アラビア半島,3,6,2014-02-15 00:04:15 UTC,2014-02-15 00:04:15 UTC
845,伊首相,3,2,2014-02-15 00:04:27 UTC,2014-02-15 00:04:27 UTC
846,イングランド,3,2,2014-02-16 00:14:51 UTC,2014-02-16 00:14:51 UTC
847,デリー,3,7,2014-02-16 00:15:04 UTC,2014-02-16 00:15:04 UTC
848,拉致,3,41,2014-02-16 00:15:28 UTC,2014-02-16 00:15:28 UTC
849,エチオピア,3,10,2014-02-17 21:07:55 UTC,2014-02-17 21:07:55 UTC
850,カシミール,3,7,2014-02-17 21:08:56 UTC,2014-02-17 21:08:56 UTC
851,エストニア,3,52,2014-02-17 21:10:18 UTC,2014-02-17 21:10:18 UTC
852,キプロス,3,2,2014-02-17 21:10:33 UTC,2014-02-17 21:10:33 UTC
853,貿易収支,2,28,2014-02-20 00:49:02 UTC,2014-02-20 00:49:02 UTC
854,ＯＥＣＤ,3,12,2014-02-22 00:44:49 UTC,2014-02-22 00:44:49 UTC
855,テヘラン,3,6,2014-02-22 00:45:08 UTC,2014-02-22 00:45:08 UTC
856,タリバーン,3,6,2014-02-24 00:12:16 UTC,2014-02-24 00:12:16 UTC
857,BMW,2,15,2014-02-24 00:17:42 UTC,2014-02-24 00:17:42 UTC
858,北京市,2,40,2014-02-24 00:17:58 UTC,2014-02-24 00:17:58 UTC
859,サムスン,2,17,2014-02-24 00:18:53 UTC,2014-02-24 00:18:53 UTC
860,ショッピングセンター,2,54,2014-02-24 00:20:13 UTC,2014-02-24 00:20:13 UTC
861,ウクライナ,2,36,2014-02-24 00:21:21 UTC,2014-02-24 00:21:21 UTC
862,Ｇ２０,2,36,2014-02-24 00:22:05 UTC,2014-02-24 00:22:05 UTC
863,都市ガス,2,39,2014-02-25 00:22:20 UTC,2014-02-25 00:22:20 UTC
864,Ｓ＆Ｐ,2,30,2014-02-25 00:22:46 UTC,2014-02-25 00:22:46 UTC
865,Ｓ＆Ｐ,1,9,2014-02-25 00:24:38 UTC,2014-02-25 00:24:38 UTC
866,オウム,1,13,2014-02-25 00:25:01 UTC,2014-02-25 00:25:01 UTC
867,南シナ海,3,1,2014-02-26 00:31:53 UTC,2014-02-26 00:31:53 UTC
868,ヤヌコビッチ,3,52,2014-02-26 00:32:08 UTC,2014-02-26 00:32:08 UTC
869,テスラ,2,15,2014-02-26 00:33:35 UTC,2014-02-26 00:33:35 UTC
870,ＡＰＥＣ,2,36,2014-02-26 00:34:30 UTC,2014-02-26 00:34:30 UTC
871,マーレシア,2,36,2014-02-26 00:34:51 UTC,2014-02-26 00:34:51 UTC
872,前期日程,1,38,2014-02-26 00:36:00 UTC,2014-02-26 00:36:00 UTC
873,インサイダー,1,13,2014-02-26 00:36:35 UTC,2014-02-26 00:36:35 UTC
874,北京,1,48,2014-02-26 00:37:12 UTC,2014-02-26 00:37:12 UTC
875,イスラエル,1,48,2014-02-26 00:37:52 UTC,2014-02-26 00:37:52 UTC
876,クリミア,3,52,2014-02-28 00:23:13 UTC,2014-02-28 00:23:13 UTC
877,アリューシャン,3,12,2014-02-28 00:23:44 UTC,2014-02-28 00:23:44 UTC
878,ローマ,3,2,2014-03-01 00:27:32 UTC,2014-03-01 00:27:32 UTC
879,オーストリア,3,2,2014-03-01 00:27:32 UTC,2014-03-01 00:27:32 UTC
880,ルーマニア,3,52,2014-03-01 00:27:42 UTC,2014-03-01 00:27:42 UTC
881,モスバーガー,2,54,2014-03-01 00:29:29 UTC,2014-03-01 00:29:29 UTC
882,ドトール,2,54,2014-03-01 00:29:38 UTC,2014-03-01 00:29:38 UTC
883,遺伝子組み換え,1,56,2014-03-02 00:55:07 UTC,2014-03-02 00:55:07 UTC
884,通り魔,1,13,2014-03-02 00:55:31 UTC,2014-03-02 00:55:31 UTC
885,ウクライナ,1,48,2014-03-02 00:56:15 UTC,2014-03-02 00:56:15 UTC
886,昆明,3,1,2014-03-03 00:37:17 UTC,2014-03-03 00:37:17 UTC
887,東京株,2,30,2014-03-03 00:42:13 UTC,2014-03-03 00:42:13 UTC
888,節税,2,19,2014-03-03 00:42:29 UTC,2014-03-03 00:42:29 UTC
889,企業統計,2,28,2014-03-03 00:42:47 UTC,2014-03-03 00:42:47 UTC
890,企業統計,2,28,2014-03-03 00:42:48 UTC,2014-03-03 00:42:48 UTC
891,非正規社員,2,37,2014-03-03 00:44:39 UTC,2014-03-03 00:44:39 UTC
892,ホームセンター,2,54,2014-03-03 00:45:08 UTC,2014-03-03 00:45:08 UTC
893,国際空港,2,53,2014-03-03 00:46:09 UTC,2014-03-03 00:46:09 UTC
894,国際空港,2,30,2014-03-03 00:46:32 UTC,2014-03-03 00:46:32 UTC
895,離職率,2,37,2014-03-03 00:47:06 UTC,2014-03-03 00:47:06 UTC
896,習近平,3,1,2014-03-04 00:08:46 UTC,2014-03-04 00:08:46 UTC
897,習近平,3,5,2014-03-04 00:08:59 UTC,2014-03-04 00:08:59 UTC
898,大和証券,2,30,2014-03-04 00:11:11 UTC,2014-03-04 00:11:11 UTC
899,GDP,2,28,2014-03-04 00:14:21 UTC,2014-03-04 00:14:21 UTC
900,全人代,3,1,2014-03-06 00:30:44 UTC,2014-03-06 00:30:44 UTC
901,ＷＨＯ,3,12,2014-03-07 00:18:35 UTC,2014-03-07 00:18:35 UTC
902,ネット証券,2,30,2014-03-07 00:19:42 UTC,2014-03-07 00:19:42 UTC
903,メルセデス,2,15,2014-03-07 00:20:43 UTC,2014-03-07 00:20:43 UTC
904,いすゞ,2,15,2014-03-07 00:21:14 UTC,2014-03-07 00:21:14 UTC
905,パイオニア,2,17,2014-03-07 00:45:18 UTC,2014-03-07 00:45:18 UTC
906,ＮＥＣ,2,17,2014-03-08 00:38:37 UTC,2014-03-08 00:38:37 UTC
907,ＪＡ全中,2,30,2014-03-08 00:39:12 UTC,2014-03-08 00:39:12 UTC
908,高血圧,1,8,2014-03-08 00:40:07 UTC,2014-03-08 00:40:07 UTC
909,太陽光,1,56,2014-03-08 00:40:52 UTC,2014-03-08 00:40:52 UTC
910,九電,2,39,2014-04-18 01:05:51 UTC,2014-04-18 01:05:51 UTC
911,関電,2,39,2014-04-18 01:05:51 UTC,2014-04-18 01:05:51 UTC
912,減税,2,19,2014-04-18 01:07:50 UTC,2014-04-18 01:07:50 UTC
913,保険,2,30,2014-04-20 01:45:53 UTC,2014-04-20 01:45:53 UTC
914,政投銀,2,30,2014-04-20 01:46:28 UTC,2014-04-20 01:46:28 UTC
915,大口電力,2,39,2014-04-20 01:46:41 UTC,2014-04-20 01:46:41 UTC
916,中部電,2,39,2014-04-20 01:46:56 UTC,2014-04-20 01:46:56 UTC
917,明治安田,2,30,2014-04-20 01:47:11 UTC,2014-04-20 01:47:11 UTC
918,みずほＦＧ,2,30,2014-04-23 01:03:29 UTC,2014-04-23 01:03:29 UTC
919,ヤマト運輸,2,53,2014-04-23 01:03:40 UTC,2014-04-23 01:03:40 UTC
920,国民年金,2,30,2014-04-23 01:03:59 UTC,2014-04-23 01:03:59 UTC
921,花王,2,29,2014-04-23 01:05:09 UTC,2014-04-23 01:05:09 UTC
922,帝人,2,29,2014-04-23 01:05:20 UTC,2014-04-23 01:05:20 UTC
923,ＪＴ,2,29,2014-04-23 01:05:29 UTC,2014-04-23 01:05:29 UTC
924,りそな,2,30,2014-04-23 01:05:54 UTC,2014-04-23 01:05:54 UTC
925,ゴールドマン,2,30,2014-04-23 01:06:11 UTC,2014-04-23 01:06:11 UTC
926,ガソリン,2,39,2014-05-03 01:46:05 UTC,2014-05-03 01:46:05 UTC
927,TPP,2,28,2014-05-03 01:46:24 UTC,2014-05-03 01:46:24 UTC
928,セブン―イレブン,2,54,2014-05-03 01:47:22 UTC,2014-05-03 01:47:22 UTC
